Harsh,Richa
Harsh,Sahil
Harsh,Goel
Harsh,Ajmal
Harsh,Aditya
Harsh,Amisha
Harsh,Prono
Harsh,Ramvinay
Harsh,Jhansi
Richa,Ajmal
Richa,Harsh
Richa,Amisha
Richa,Jhansi
Sahil,Harsh
Sahil,Ajmal
Sahil,Reetvik
Sahil,Aditya
Sahil,Sarvesh
Sahil,Saurabh
Sahil,Vasu
Sahil,Prono
Goel,Ramvinay
Goel,Ajmal
Goel,Harsh
Ajmal,Harsh
Ajmal,Richa
Ajmal,Goel
Ajmal,Sahil
Ajmal,Ramvinay
Reetvik,Sahil
Reetvik,Aditya
Reetvik,KD
Reetvik,Sarevsh
Reetvik,Saurabh
Reetvik,Vasu
Reetvik,Prono
Aditya,Harsh
Aditya,Richa
Aditya,Ramvinay
Ramvinay,Harsh
Ramvinay,Aditya
KD,Sahil
KD,Sarevsh
KD,Saurabh
KD,Vasu
KD,Prono
KD,Reetvik
Sarvesh,Aditya
Sarvesh,Sahil
Sarvesh,Reetvik
Sarvesh,Saurabh
Sarvesh,Vasu
Sarvesh,Prono
Saurabh,Aditya
Saurabh,Sahil
Saurabh,Reetvik
Saurabh,Sarvesh
Saurabh,Vasu
Saurabh,Prono
Vasu,Aditya
Vasu,Sahil
Vasu,Reetvik
Vasu,Sarvesh
Vasu,Saurabh
Vasu,Prono
Prono,Aditya
Prono,Sahil
Prono,Reetvik
Prono,Sarvesh
Prono,Saurabh
Prono,Vasu
Amisha,Harsh
Amisha,Richa
Amisha,Jhansi
Jhansi,Richa
Jhansi,Harsh
Jhansi,Amisha